contract_id,account_id,parent_account_id,plan_id,contract_arr_cents,booked_arr_cents,start_date,end_date,status,renewal_type
contract_0001,acct_0001,parent_0001,plan_003,25000000,25000000,2025-01-01,2026-12-31,active,new
contract_0002,acct_0002,parent_0002,plan_003,25000000,25000000,2025-01-01,2026-12-31,active,renewal
contract_0003,acct_0003,parent_0003,plan_003,25000000,25000000,2025-01-01,2026-12-31,active,expansion
contract_0004,acct_0004,parent_0004,plan_003,25000000,25000000,2025-01-01,2026-12-31,active,downgrade
contract_0005,acct_0005,parent_0005,plan_003,25000000,25000000,2025-01-01,2026-12-31,active,new
contract_0006,acct_0006,parent_0006,plan_003,25000000,25000000,2025-01-01,2026-12-31,active,renewal
contract_0007,acct_0007,parent_0007,plan_003,25000000,25000000,2025-01-01,2026-12-31,active,expansion
contract_0008,acct_0008,parent_0008,plan_003,25000000,25000000,2025-01-01,2026-12-31,active,downgrade
contract_0009,acct_0009,parent_0009,plan_003,25000000,25000000,2025-01-01,2026-12-31,active,new
contract_0010,acct_0010,parent_0010,plan_003,25000000,25000000,2025-01-01,2026-12-31,active,renewal
contract_0011,acct_0011,parent_0011,plan_003,25000000,25000000,2025-01-01,2026-12-31,active,expansion
contract_0012,acct_0012,parent_0012,plan_003,25000000,25000000,2025-01-01,2026-12-31,active,downgrade
contract_0013,acct_0013,parent_0013,plan_003,25000000,25000000,2025-01-01,2026-12-31,active,new
contract_0014,acct_0014,parent_0014,plan_003,25000000,25000000,2025-01-01,2026-12-31,active,renewal
contract_0015,acct_0015,parent_0015,plan_003,25000000,25000000,2025-01-01,2026-12-31,active,expansion
contract_0016,acct_0016,parent_0016,plan_003,25000000,25000000,2025-01-01,2026-12-31,active,downgrade
contract_0017,acct_0017,parent_0017,plan_003,25000000,25000000,2025-01-01,2026-12-31,active,new
contract_0018,acct_0018,parent_0018,plan_003,25000000,25000000,2025-01-01,2026-12-31,active,renewal
contract_0019,acct_0019,parent_0019,plan_003,25000000,25000000,2025-01-01,2026-12-31,active,expansion
contract_0020,acct_0020,parent_0020,plan_003,25000000,25000000,2025-01-01,2026-12-31,active,downgrade
contract_0021,acct_0021,parent_0021,plan_003,25000000,25000000,2025-01-01,2026-12-31,active,new
contract_0022,acct_0022,parent_0022,plan_003,25000000,25000000,2025-01-01,2026-12-31,active,renewal
contract_0023,acct_0023,parent_0023,plan_003,25000000,25000000,2025-01-01,2026-12-31,active,expansion
contract_0024,acct_0024,parent_0024,plan_003,25000000,25000000,2025-01-01,2026-12-31,active,downgrade
contract_0025,acct_0025,parent_0025,plan_003,25000000,25000000,2025-01-01,2026-12-31,active,new
contract_0026,acct_0026,parent_0026,plan_003,25000000,25000000,2025-01-01,2026-12-31,active,renewal
contract_0027,acct_0027,parent_0027,plan_003,25000000,25000000,2025-01-01,2026-12-31,active,expansion
contract_0028,acct_0028,parent_0028,plan_003,25000000,25000000,2025-01-01,2026-12-31,active,downgrade
contract_0029,acct_0029,parent_0029,plan_003,25000000,25000000,2025-01-01,2026-12-31,active,new
contract_0030,acct_0030,parent_0030,plan_003,25000000,25000000,2025-01-01,2026-12-31,active,renewal
contract_0031,acct_0031,parent_0031,plan_003,25000000,25000000,2025-01-01,2026-12-31,active,expansion
contract_0032,acct_0032,parent_0032,plan_003,25000000,25000000,2025-01-01,2026-12-31,active,downgrade
contract_0033,acct_0033,parent_0033,plan_003,25000000,25000000,2025-01-01,2026-12-31,active,new
contract_0034,acct_0034,parent_0034,plan_003,25000000,25000000,2025-01-01,2026-12-31,active,renewal
contract_0035,acct_0035,parent_0035,plan_003,25000000,25000000,2025-01-01,2026-12-31,active,expansion
contract_0036,acct_0036,parent_0036,plan_003,25000000,25000000,2025-01-01,2026-12-31,active,downgrade
contract_0037,acct_0037,parent_0037,plan_003,25000000,25000000,2025-01-01,2026-12-31,active,new
contract_0038,acct_0038,parent_0038,plan_003,25000000,25000000,2025-01-01,2026-12-31,active,renewal
contract_0039,acct_0039,parent_0039,plan_003,25000000,25000000,2025-01-01,2026-12-31,active,expansion
contract_0040,acct_0040,parent_0040,plan_003,25000000,25000000,2025-01-01,2026-12-31,active,downgrade
contract_0041,acct_0041,parent_0041,plan_004,25000000,25000000,2025-01-01,2026-12-31,active,new
contract_0042,acct_0042,parent_0042,plan_003,25000000,25000000,2025-01-01,2026-12-31,active,renewal
contract_0043,acct_0043,parent_0043,plan_003,25000000,25000000,2025-01-01,2026-12-31,active,expansion
contract_0044,acct_0044,parent_0044,plan_003,25000000,25000000,2025-01-01,2026-12-31,active,downgrade
contract_0045,acct_0045,parent_0045,plan_003,25000000,25000000,2025-01-01,2026-12-31,active,new
contract_0046,acct_0046,parent_0046,plan_003,25000000,25000000,2025-01-01,2026-12-31,active,renewal
contract_0047,acct_0047,parent_0047,plan_003,25000000,25000000,2025-01-01,2026-12-31,active,expansion
contract_0048,acct_0048,parent_0048,plan_003,25000000,25000000,2025-01-01,2026-12-31,active,downgrade
contract_0049,acct_0049,parent_0049,plan_003,25000000,25000000,2025-01-01,2026-12-31,active,new
contract_0050,acct_0050,parent_0050,plan_003,25000000,25000000,2025-01-01,2026-12-31,active,renewal
contract_0051,acct_0051,parent_0051,plan_003,12000000,12000000,2025-01-01,2026-12-31,active,expansion
contract_0052,acct_0052,parent_0052,plan_003,12000000,12000000,2025-01-01,2026-12-31,active,downgrade
contract_0053,acct_0053,parent_0053,plan_003,12000000,12000000,2025-01-01,2026-12-31,active,new
contract_0054,acct_0054,parent_0054,plan_003,12000000,12000000,2025-01-01,2026-12-31,active,renewal
contract_0055,acct_0055,parent_0055,plan_003,12000000,12000000,2025-01-01,2026-12-31,active,expansion
contract_0056,acct_0056,parent_0056,plan_003,12000000,12000000,2025-01-01,2026-12-31,active,downgrade
contract_0057,acct_0057,parent_0057,plan_003,12000000,12000000,2025-01-01,2026-12-31,active,new
contract_0058,acct_0058,parent_0058,plan_003,12000000,12000000,2025-01-01,2026-12-31,active,renewal
contract_0059,acct_0059,parent_0059,plan_003,12000000,12000000,2025-01-01,2026-12-31,active,expansion
contract_0060,acct_0060,parent_0060,plan_003,12000000,12000000,2025-01-01,2026-12-31,active,downgrade
contract_0061,acct_0061,parent_0061,plan_003,12000000,12000000,2025-01-01,2026-12-31,active,new
contract_0062,acct_0062,parent_0062,plan_003,12000000,12000000,2025-01-01,2026-12-31,active,renewal
contract_0063,acct_0063,parent_0063,plan_003,12000000,12000000,2025-01-01,2026-12-31,active,expansion
contract_0064,acct_0064,parent_0064,plan_003,12000000,12000000,2025-01-01,2026-12-31,active,downgrade
contract_0065,acct_0065,parent_0065,plan_003,12000000,12000000,2025-01-01,2026-12-31,active,new
contract_0066,acct_0066,parent_0066,plan_003,12000000,12000000,2025-01-01,2026-12-31,active,renewal
contract_0067,acct_0067,parent_0067,plan_003,12000000,12000000,2025-01-01,2026-12-31,active,expansion
contract_0068,acct_0068,parent_0068,plan_003,12000000,12000000,2025-01-01,2026-12-31,active,downgrade
contract_0069,acct_0069,parent_0069,plan_003,12000000,12000000,2025-01-01,2026-12-31,active,new
contract_0070,acct_0070,parent_0070,plan_003,12000000,12000000,2025-01-01,2026-12-31,active,renewal
contract_0071,acct_0071,parent_0071,plan_003,12000000,12000000,2025-01-01,2026-12-31,active,expansion
contract_0072,acct_0072,parent_0072,plan_003,12000000,12000000,2025-01-01,2026-12-31,active,downgrade
contract_0073,acct_0073,parent_0073,plan_003,12000000,12000000,2025-01-01,2026-12-31,active,new
contract_0074,acct_0074,parent_0074,plan_003,12000000,12000000,2025-01-01,2026-12-31,active,renewal
contract_0075,acct_0075,parent_0075,plan_003,12000000,12000000,2025-01-01,2026-12-31,active,expansion
contract_0076,acct_0076,parent_0076,plan_003,12000000,12000000,2025-01-01,2026-12-31,active,downgrade
contract_0077,acct_0077,parent_0077,plan_003,12000000,12000000,2025-01-01,2026-12-31,active,new
contract_0078,acct_0078,parent_0078,plan_003,12000000,12000000,2025-01-01,2026-12-31,active,renewal
contract_0079,acct_0079,parent_0079,plan_003,12000000,12000000,2025-01-01,2026-12-31,active,expansion
contract_0080,acct_0080,parent_0080,plan_003,12000000,12000000,2025-01-01,2026-12-31,active,downgrade
contract_0081,acct_0081,parent_0081,plan_002,12000000,12000000,2025-01-01,2026-12-31,active,new
contract_0082,acct_0082,parent_0082,plan_004,12000000,12000000,2025-01-01,2026-12-31,active,renewal
contract_0083,acct_0083,parent_0083,plan_002,12000000,12000000,2025-01-01,2026-12-31,active,expansion
contract_0084,acct_0084,parent_0084,plan_002,12000000,12000000,2025-01-01,2026-12-31,active,downgrade
contract_0085,acct_0085,parent_0085,plan_002,12000000,12000000,2025-01-01,2026-12-31,active,new
contract_0086,acct_0086,parent_0086,plan_002,12000000,12000000,2025-01-01,2026-12-31,active,renewal
contract_0087,acct_0087,parent_0087,plan_002,12000000,12000000,2025-01-01,2026-12-31,active,expansion
contract_0088,acct_0088,parent_0088,plan_002,12000000,12000000,2025-01-01,2026-12-31,active,downgrade
contract_0089,acct_0089,parent_0089,plan_002,12000000,12000000,2025-01-01,2026-12-31,active,new
contract_0090,acct_0090,parent_0090,plan_002,12000000,12000000,2025-01-01,2026-12-31,active,renewal
contract_0091,acct_0091,parent_0091,plan_002,12000000,12000000,2025-01-01,2026-12-31,active,expansion
contract_0092,acct_0092,parent_0092,plan_002,12000000,12000000,2025-01-01,2026-12-31,active,downgrade
contract_0093,acct_0093,parent_0093,plan_002,12000000,12000000,2025-01-01,2026-12-31,active,new
contract_0094,acct_0094,parent_0094,plan_002,12000000,12000000,2025-01-01,2026-12-31,active,renewal
contract_0095,acct_0095,parent_0095,plan_002,12000000,12000000,2025-01-01,2026-12-31,active,expansion
contract_0096,acct_0096,parent_0096,plan_002,12000000,12000000,2025-01-01,2026-12-31,active,downgrade
contract_0097,acct_0097,parent_0097,plan_002,12000000,12000000,2025-01-01,2026-12-31,active,new
contract_0098,acct_0098,parent_0098,plan_002,12000000,12000000,2025-01-01,2026-12-31,active,renewal
contract_0099,acct_0099,parent_0099,plan_002,12000000,12000000,2025-01-01,2026-12-31,active,expansion
contract_0100,acct_0100,parent_0100,plan_002,36200000,36200000,2025-01-01,2026-12-31,active,downgrade
contract_0101,acct_0101,parent_0101,plan_002,4010000,4010000,2025-03-01,2025-12-31,expired,new
contract_0102,acct_0102,parent_0102,plan_002,4020000,4020000,2025-03-01,2025-12-31,cancelled,renewal
contract_0103,acct_0103,parent_0103,plan_002,4030000,4030000,2025-03-01,2025-12-31,expired,expansion
contract_0104,acct_0104,parent_0104,plan_002,4040000,4040000,2025-03-01,2025-12-31,expired,downgrade
contract_0105,acct_0105,parent_0105,plan_002,4050000,4050000,2025-03-01,2025-12-31,cancelled,new
contract_0106,acct_0106,parent_0106,plan_002,4060000,4060000,2025-03-01,2025-12-31,expired,renewal
contract_0107,acct_0107,parent_0107,plan_002,4070000,4070000,2025-03-01,2025-12-31,expired,expansion
contract_0108,acct_0108,parent_0108,plan_002,4080000,4080000,2025-03-01,2025-12-31,cancelled,downgrade
contract_0109,acct_0109,parent_0109,plan_002,4090000,4090000,2025-03-01,2025-12-31,expired,new
contract_0110,acct_0110,parent_0110,plan_002,4100000,4100000,2025-03-01,2025-12-31,expired,renewal
contract_0111,acct_0111,parent_0111,plan_002,4110000,4110000,2025-03-01,2025-12-31,cancelled,expansion
contract_0112,acct_0112,parent_0112,plan_002,4120000,4120000,2025-03-01,2025-12-31,expired,downgrade
contract_0113,acct_0113,parent_0113,plan_002,4130000,4130000,2025-03-01,2025-12-31,expired,new
contract_0114,acct_0114,parent_0114,plan_002,4140000,4140000,2025-03-01,2025-12-31,cancelled,renewal
contract_0115,acct_0115,parent_0115,plan_002,4150000,4150000,2025-03-01,2025-12-31,expired,expansion
contract_0116,acct_0116,parent_0116,plan_002,4160000,4160000,2025-03-01,2025-12-31,expired,downgrade
contract_0117,acct_0117,parent_0117,plan_002,4170000,4170000,2025-03-01,2025-12-31,cancelled,new
contract_0118,acct_0118,parent_0118,plan_002,4180000,4180000,2025-03-01,2025-12-31,expired,renewal
contract_0119,acct_0119,parent_0119,plan_002,4190000,4190000,2025-03-01,2025-12-31,expired,expansion
contract_0120,acct_0120,parent_0120,plan_002,4200000,4200000,2025-03-01,2025-12-31,cancelled,downgrade
contract_0121,acct_0121,parent_0121,plan_002,4210000,4210000,2025-03-01,2025-12-31,expired,new
contract_0122,acct_0122,parent_0122,plan_002,4220000,4220000,2025-03-01,2025-12-31,expired,renewal
contract_0123,acct_0123,parent_0123,plan_004,4230000,4230000,2025-03-01,2025-12-31,cancelled,expansion
contract_0124,acct_0124,parent_0124,plan_002,4240000,4240000,2025-03-01,2025-12-31,expired,downgrade
contract_0125,acct_0125,parent_0125,plan_002,4250000,4250000,2025-03-01,2025-12-31,expired,new
contract_0126,acct_0126,parent_0126,plan_002,4260000,4260000,2025-03-01,2025-12-31,cancelled,renewal
contract_0127,acct_0127,parent_0127,plan_002,4270000,4270000,2025-03-01,2025-12-31,expired,expansion
contract_0128,acct_0128,parent_0128,plan_002,4280000,4280000,2025-03-01,2025-12-31,expired,downgrade
contract_0129,acct_0129,parent_0129,plan_002,4290000,4290000,2025-03-01,2025-12-31,cancelled,new
contract_0130,acct_0130,parent_0130,plan_002,4300000,4300000,2025-03-01,2025-12-31,expired,renewal
contract_0131,acct_0131,parent_0131,plan_002,4310000,4310000,2025-03-01,2025-12-31,expired,expansion
contract_0132,acct_0132,parent_0132,plan_002,4320000,4320000,2025-03-01,2025-12-31,cancelled,downgrade
contract_0133,acct_0133,parent_0001,plan_002,4330000,4330000,2025-03-01,2025-12-31,expired,new
contract_0134,acct_0134,parent_0002,plan_002,4340000,4340000,2025-03-01,2025-12-31,expired,renewal
contract_0135,acct_0135,parent_0003,plan_002,4350000,4350000,2025-03-01,2025-12-31,cancelled,expansion
contract_0136,acct_0136,parent_0004,plan_002,4360000,4360000,2025-03-01,2025-12-31,expired,downgrade
contract_0137,acct_0137,parent_0005,plan_002,4370000,4370000,2025-03-01,2025-12-31,expired,new
contract_0138,acct_0138,parent_0006,plan_002,4380000,4380000,2025-03-01,2025-12-31,cancelled,renewal
contract_0139,acct_0139,parent_0007,plan_002,4390000,4390000,2025-03-01,2025-12-31,expired,expansion
contract_0140,acct_0140,parent_0008,plan_002,4400000,4400000,2025-03-01,2025-12-31,expired,downgrade
contract_0141,acct_0141,parent_0009,plan_002,4410000,4410000,2025-03-01,2025-12-31,cancelled,new
contract_0142,acct_0142,parent_0010,plan_002,4420000,4420000,2025-03-01,2025-12-31,expired,renewal
contract_0143,acct_0143,parent_0011,plan_002,4430000,4430000,2025-03-01,2025-12-31,expired,expansion
contract_0144,acct_0144,parent_0012,plan_002,4440000,4440000,2025-03-01,2025-12-31,cancelled,downgrade
contract_0145,acct_0145,parent_0013,plan_002,4450000,4450000,2025-03-01,2025-12-31,expired,new
contract_0146,acct_0146,parent_0014,plan_002,4460000,4460000,2025-03-01,2025-12-31,expired,renewal
contract_0147,acct_0147,parent_0015,plan_002,4470000,4470000,2025-03-01,2025-12-31,cancelled,expansion
contract_0148,acct_0148,parent_0016,plan_002,4480000,4480000,2025-03-01,2025-12-31,expired,downgrade
contract_0149,acct_0149,parent_0017,plan_002,4490000,4490000,2025-03-01,2025-12-31,expired,new
contract_0150,acct_0150,parent_0018,plan_002,4500000,4500000,2025-03-01,2025-12-31,cancelled,renewal
contract_0151,acct_0151,parent_0019,plan_001,4510000,4510000,2025-03-01,2025-12-31,expired,expansion
contract_0152,acct_0152,parent_0020,plan_001,4520000,4520000,2025-03-01,2025-12-31,expired,downgrade
contract_0153,acct_0153,parent_0021,plan_001,4530000,4530000,2025-03-01,2025-12-31,cancelled,new
contract_0154,acct_0154,parent_0022,plan_001,4540000,4540000,2025-03-01,2025-12-31,expired,renewal
contract_0155,acct_0155,parent_0023,plan_001,4550000,4550000,2025-03-01,2025-12-31,expired,expansion
contract_0156,acct_0156,parent_0024,plan_001,4560000,4560000,2025-03-01,2025-12-31,cancelled,downgrade
contract_0157,acct_0157,parent_0025,plan_001,4570000,4570000,2025-03-01,2025-12-31,expired,new
contract_0158,acct_0158,parent_0026,plan_001,4580000,4580000,2025-03-01,2025-12-31,expired,renewal
contract_0159,acct_0159,parent_0027,plan_001,4590000,4590000,2025-03-01,2025-12-31,cancelled,expansion
contract_0160,acct_0160,parent_0028,plan_001,4600000,4600000,2025-03-01,2025-12-31,expired,downgrade
contract_0161,acct_0161,parent_0029,plan_001,4610000,4610000,2025-03-01,2025-12-31,expired,new
contract_0162,acct_0162,parent_0030,plan_001,4620000,4620000,2025-03-01,2025-12-31,cancelled,renewal
contract_0163,acct_0163,parent_0031,plan_001,4630000,4630000,2025-03-01,2025-12-31,expired,expansion
contract_0164,acct_0164,parent_0032,plan_004,4640000,4640000,2025-03-01,2025-12-31,expired,downgrade
contract_0165,acct_0165,parent_0033,plan_001,4650000,4650000,2025-03-01,2025-12-31,cancelled,new
contract_0166,acct_0166,parent_0034,plan_001,4660000,4660000,2025-03-01,2025-12-31,expired,renewal
contract_0167,acct_0167,parent_0035,plan_001,4670000,4670000,2025-03-01,2025-12-31,expired,expansion
contract_0168,acct_0168,parent_0036,plan_001,4680000,4680000,2025-03-01,2025-12-31,cancelled,downgrade
contract_0169,acct_0169,parent_0037,plan_001,4690000,4690000,2025-03-01,2025-12-31,expired,new
contract_0170,acct_0170,parent_0038,plan_001,4700000,4700000,2025-03-01,2025-12-31,expired,renewal
contract_0171,acct_0171,parent_0039,plan_001,4710000,4710000,2025-03-01,2025-12-31,cancelled,expansion
contract_0172,acct_0172,parent_0040,plan_001,4720000,4720000,2025-03-01,2025-12-31,expired,downgrade
contract_0173,acct_0173,parent_0041,plan_001,4730000,4730000,2025-03-01,2025-12-31,expired,new
contract_0174,acct_0174,parent_0042,plan_001,4740000,4740000,2025-03-01,2025-12-31,cancelled,renewal
contract_0175,acct_0175,parent_0043,plan_001,4750000,4750000,2025-03-01,2025-12-31,expired,expansion
contract_0176,acct_0176,parent_0044,plan_001,4760000,4760000,2025-03-01,2025-12-31,expired,downgrade
contract_0177,acct_0177,parent_0045,plan_001,4770000,4770000,2025-03-01,2025-12-31,cancelled,new
contract_0178,acct_0178,parent_0046,plan_001,4780000,4780000,2025-03-01,2025-12-31,expired,renewal
contract_0179,acct_0179,parent_0047,plan_001,4790000,4790000,2025-03-01,2025-12-31,expired,expansion
contract_0180,acct_0180,parent_0048,plan_001,4800000,4800000,2025-03-01,2025-12-31,cancelled,downgrade
contract_0181,acct_0181,parent_0049,plan_001,4810000,4810000,2025-03-01,2025-12-31,expired,new
contract_0182,acct_0182,parent_0050,plan_001,4820000,4820000,2025-03-01,2025-12-31,expired,renewal
contract_0183,acct_0183,parent_0051,plan_001,4830000,4830000,2025-03-01,2025-12-31,cancelled,expansion
contract_0184,acct_0184,parent_0052,plan_001,4840000,4840000,2025-03-01,2025-12-31,expired,downgrade
contract_0185,acct_0185,parent_0053,plan_001,4850000,4850000,2025-03-01,2025-12-31,expired,new
contract_0186,acct_0186,parent_0054,plan_001,4860000,4860000,2025-03-01,2025-12-31,cancelled,renewal
contract_0187,acct_0187,parent_0055,plan_001,4870000,4870000,2025-03-01,2025-12-31,expired,expansion
contract_0188,acct_0188,parent_0056,plan_001,4880000,4880000,2025-03-01,2025-12-31,expired,downgrade
contract_0189,acct_0189,parent_0057,plan_001,4890000,4890000,2025-03-01,2025-12-31,cancelled,new
contract_0190,acct_0190,parent_0058,plan_001,4900000,4900000,2025-03-01,2025-12-31,expired,renewal
contract_0191,acct_0191,parent_0059,plan_001,4910000,4910000,2025-03-01,2025-12-31,expired,expansion
contract_0192,acct_0192,parent_0060,plan_001,4920000,4920000,2025-03-01,2025-12-31,cancelled,downgrade
contract_0193,acct_0193,parent_0061,plan_001,4930000,4930000,2025-03-01,2025-12-31,expired,new
contract_0194,acct_0194,parent_0062,plan_001,4940000,4940000,2025-03-01,2025-12-31,expired,renewal
contract_0195,acct_0195,parent_0063,plan_001,4950000,4950000,2025-03-01,2025-12-31,cancelled,expansion
contract_0196,acct_0196,parent_0064,plan_001,4960000,4960000,2025-03-01,2025-12-31,expired,downgrade
contract_0197,acct_0197,parent_0065,plan_001,4970000,4970000,2025-03-01,2025-12-31,expired,new
contract_0198,acct_0198,parent_0066,plan_001,4980000,4980000,2025-03-01,2025-12-31,cancelled,renewal
contract_0199,acct_0199,parent_0067,plan_001,4990000,4990000,2025-03-01,2025-12-31,expired,expansion
contract_0200,acct_0200,parent_0068,plan_001,5000000,5000000,2025-03-01,2025-12-31,expired,downgrade
contract_0201,acct_0001,parent_0001,plan_003,5010000,5010000,2025-03-01,2025-12-31,cancelled,new
contract_0202,acct_0002,parent_0002,plan_003,5020000,5020000,2025-03-01,2025-12-31,expired,renewal
contract_0203,acct_0003,parent_0003,plan_003,5030000,5030000,2025-03-01,2025-12-31,expired,expansion
contract_0204,acct_0004,parent_0004,plan_003,5040000,5040000,2025-03-01,2025-12-31,cancelled,downgrade
contract_0205,acct_0005,parent_0005,plan_004,5050000,5050000,2025-03-01,2025-12-31,expired,new
contract_0206,acct_0006,parent_0006,plan_003,5060000,5060000,2025-03-01,2025-12-31,expired,renewal
contract_0207,acct_0007,parent_0007,plan_003,5070000,5070000,2025-03-01,2025-12-31,cancelled,expansion
contract_0208,acct_0008,parent_0008,plan_003,5080000,5080000,2025-03-01,2025-12-31,expired,downgrade
contract_0209,acct_0009,parent_0009,plan_003,5090000,5090000,2025-03-01,2025-12-31,expired,new
contract_0210,acct_0010,parent_0010,plan_003,5100000,5100000,2025-03-01,2025-12-31,cancelled,renewal
contract_0211,acct_0011,parent_0011,plan_003,5110000,5110000,2025-03-01,2025-12-31,expired,expansion
contract_0212,acct_0012,parent_0012,plan_003,5120000,5120000,2025-03-01,2025-12-31,expired,downgrade
contract_0213,acct_0013,parent_0013,plan_003,5130000,5130000,2025-03-01,2025-12-31,cancelled,new
contract_0214,acct_0014,parent_0014,plan_003,5140000,5140000,2025-03-01,2025-12-31,expired,renewal
contract_0215,acct_0015,parent_0015,plan_003,5150000,5150000,2025-03-01,2025-12-31,expired,expansion
contract_0216,acct_0016,parent_0016,plan_003,5160000,5160000,2025-03-01,2025-12-31,cancelled,downgrade
contract_0217,acct_0017,parent_0017,plan_003,5170000,5170000,2025-03-01,2025-12-31,expired,new
contract_0218,acct_0018,parent_0018,plan_003,5180000,5180000,2025-03-01,2025-12-31,expired,renewal
contract_0219,acct_0019,parent_0019,plan_003,5190000,5190000,2025-03-01,2025-12-31,cancelled,expansion
contract_0220,acct_0020,parent_0020,plan_003,5200000,5200000,2025-03-01,2025-12-31,expired,downgrade
contract_0221,acct_0021,parent_0021,plan_003,5210000,5210000,2025-03-01,2025-12-31,expired,new
contract_0222,acct_0022,parent_0022,plan_003,5220000,5220000,2025-03-01,2025-12-31,cancelled,renewal
contract_0223,acct_0023,parent_0023,plan_003,5230000,5230000,2025-03-01,2025-12-31,expired,expansion
contract_0224,acct_0024,parent_0024,plan_003,5240000,5240000,2025-03-01,2025-12-31,expired,downgrade
contract_0225,acct_0025,parent_0025,plan_003,5250000,5250000,2025-03-01,2025-12-31,cancelled,new
contract_0226,acct_0026,parent_0026,plan_003,5260000,5260000,2025-03-01,2025-12-31,expired,renewal
contract_0227,acct_0027,parent_0027,plan_003,5270000,5270000,2025-03-01,2025-12-31,expired,expansion
contract_0228,acct_0028,parent_0028,plan_003,5280000,5280000,2025-03-01,2025-12-31,cancelled,downgrade
contract_0229,acct_0029,parent_0029,plan_003,5290000,5290000,2025-03-01,2025-12-31,expired,new
contract_0230,acct_0030,parent_0030,plan_003,5300000,5300000,2025-03-01,2025-12-31,expired,renewal
contract_0231,acct_0031,parent_0031,plan_003,5310000,5310000,2025-03-01,2025-12-31,cancelled,expansion
contract_0232,acct_0032,parent_0032,plan_003,5320000,5320000,2025-03-01,2025-12-31,expired,downgrade
contract_0233,acct_0033,parent_0033,plan_003,5330000,5330000,2025-03-01,2025-12-31,expired,new
contract_0234,acct_0034,parent_0034,plan_003,5340000,5340000,2025-03-01,2025-12-31,cancelled,renewal
contract_0235,acct_0035,parent_0035,plan_003,5350000,5350000,2025-03-01,2025-12-31,expired,expansion
contract_0236,acct_0036,parent_0036,plan_003,5360000,5360000,2025-03-01,2025-12-31,expired,downgrade
contract_0237,acct_0037,parent_0037,plan_003,5370000,5370000,2025-03-01,2025-12-31,cancelled,new
contract_0238,acct_0038,parent_0038,plan_003,5380000,5380000,2025-03-01,2025-12-31,expired,renewal
contract_0239,acct_0039,parent_0039,plan_003,5390000,5390000,2025-03-01,2025-12-31,expired,expansion
contract_0240,acct_0040,parent_0040,plan_003,5400000,5400000,2025-03-01,2025-12-31,cancelled,downgrade
contract_0241,acct_0041,parent_0041,plan_003,5410000,5410000,2025-03-01,2025-12-31,expired,new
contract_0242,acct_0042,parent_0042,plan_003,5420000,5420000,2025-03-01,2025-12-31,expired,renewal
contract_0243,acct_0043,parent_0043,plan_003,5430000,5430000,2025-03-01,2025-12-31,cancelled,expansion
contract_0244,acct_0044,parent_0044,plan_003,5440000,5440000,2025-03-01,2025-12-31,expired,downgrade
contract_0245,acct_0045,parent_0045,plan_003,5450000,5450000,2025-03-01,2025-12-31,expired,new
contract_0246,acct_0046,parent_0046,plan_004,5460000,5460000,2025-03-01,2025-12-31,cancelled,renewal
contract_0247,acct_0047,parent_0047,plan_003,5470000,5470000,2025-03-01,2025-12-31,expired,expansion
contract_0248,acct_0048,parent_0048,plan_003,5480000,5480000,2025-03-01,2025-12-31,expired,downgrade
contract_0249,acct_0049,parent_0049,plan_003,5490000,5490000,2025-03-01,2025-12-31,cancelled,new
contract_0250,acct_0050,parent_0050,plan_003,5500000,5500000,2025-03-01,2025-12-31,expired,renewal
contract_0251,acct_0051,parent_0051,plan_003,5510000,5510000,2025-03-01,2025-12-31,expired,expansion
contract_0252,acct_0052,parent_0052,plan_003,5520000,5520000,2025-03-01,2025-12-31,cancelled,downgrade
contract_0253,acct_0053,parent_0053,plan_003,5530000,5530000,2025-03-01,2025-12-31,expired,new
contract_0254,acct_0054,parent_0054,plan_003,5540000,5540000,2025-03-01,2025-12-31,expired,renewal
contract_0255,acct_0055,parent_0055,plan_003,5550000,5550000,2025-03-01,2025-12-31,cancelled,expansion
contract_0256,acct_0056,parent_0056,plan_003,5560000,5560000,2025-03-01,2025-12-31,expired,downgrade
contract_0257,acct_0057,parent_0057,plan_003,5570000,5570000,2025-03-01,2025-12-31,expired,new
contract_0258,acct_0058,parent_0058,plan_003,5580000,5580000,2025-03-01,2025-12-31,cancelled,renewal
contract_0259,acct_0059,parent_0059,plan_003,5590000,5590000,2025-03-01,2025-12-31,expired,expansion
contract_0260,acct_0060,parent_0060,plan_003,5600000,5600000,2025-03-01,2025-12-31,expired,downgrade
contract_0261,acct_0061,parent_0061,plan_003,5610000,5610000,2025-03-01,2025-12-31,cancelled,new
contract_0262,acct_0062,parent_0062,plan_003,5620000,5620000,2025-03-01,2025-12-31,expired,renewal
contract_0263,acct_0063,parent_0063,plan_003,5630000,5630000,2025-03-01,2025-12-31,expired,expansion
contract_0264,acct_0064,parent_0064,plan_003,5640000,5640000,2025-03-01,2025-12-31,cancelled,downgrade
contract_0265,acct_0065,parent_0065,plan_003,5650000,5650000,2025-03-01,2025-12-31,expired,new
contract_0266,acct_0066,parent_0066,plan_003,5660000,5660000,2025-03-01,2025-12-31,expired,renewal
contract_0267,acct_0067,parent_0067,plan_003,5670000,5670000,2025-03-01,2025-12-31,cancelled,expansion
contract_0268,acct_0068,parent_0068,plan_003,5680000,5680000,2025-03-01,2025-12-31,expired,downgrade
contract_0269,acct_0069,parent_0069,plan_003,5690000,5690000,2025-03-01,2025-12-31,expired,new
contract_0270,acct_0070,parent_0070,plan_003,5700000,5700000,2025-03-01,2025-12-31,cancelled,renewal
contract_0271,acct_0071,parent_0071,plan_003,5710000,5710000,2025-03-01,2025-12-31,expired,expansion
contract_0272,acct_0072,parent_0072,plan_003,5720000,5720000,2025-03-01,2025-12-31,expired,downgrade
contract_0273,acct_0073,parent_0073,plan_003,5730000,5730000,2025-03-01,2025-12-31,cancelled,new
contract_0274,acct_0074,parent_0074,plan_003,5740000,5740000,2025-03-01,2025-12-31,expired,renewal
contract_0275,acct_0075,parent_0075,plan_003,5750000,5750000,2025-03-01,2025-12-31,expired,expansion
contract_0276,acct_0076,parent_0076,plan_003,5760000,5760000,2025-03-01,2025-12-31,cancelled,downgrade
contract_0277,acct_0077,parent_0077,plan_003,5770000,5770000,2025-03-01,2025-12-31,expired,new
contract_0278,acct_0078,parent_0078,plan_003,5780000,5780000,2025-03-01,2025-12-31,expired,renewal
contract_0279,acct_0079,parent_0079,plan_003,5790000,5790000,2025-03-01,2025-12-31,cancelled,expansion
contract_0280,acct_0080,parent_0080,plan_003,5800000,5800000,2025-03-01,2025-12-31,expired,downgrade
contract_0281,acct_0081,parent_0081,plan_002,5810000,5810000,2025-03-01,2025-12-31,expired,new
contract_0282,acct_0082,parent_0082,plan_002,5820000,5820000,2025-03-01,2025-12-31,cancelled,renewal
contract_0283,acct_0083,parent_0083,plan_002,5830000,5830000,2025-03-01,2025-12-31,expired,expansion
contract_0284,acct_0084,parent_0084,plan_002,5840000,5840000,2025-03-01,2025-12-31,expired,downgrade
contract_0285,acct_0085,parent_0085,plan_002,5850000,5850000,2025-03-01,2025-12-31,cancelled,new
contract_0286,acct_0086,parent_0086,plan_002,5860000,5860000,2025-03-01,2025-12-31,expired,renewal
contract_0287,acct_0087,parent_0087,plan_004,5870000,5870000,2025-03-01,2025-12-31,expired,expansion
contract_0288,acct_0088,parent_0088,plan_002,5880000,5880000,2025-03-01,2025-12-31,cancelled,downgrade
contract_0289,acct_0089,parent_0089,plan_002,5890000,5890000,2025-03-01,2025-12-31,expired,new
contract_0290,acct_0090,parent_0090,plan_002,5900000,5900000,2025-03-01,2025-12-31,expired,renewal
contract_0291,acct_0091,parent_0091,plan_002,5910000,5910000,2025-03-01,2025-12-31,cancelled,expansion
contract_0292,acct_0092,parent_0092,plan_002,5920000,5920000,2025-03-01,2025-12-31,expired,downgrade
contract_0293,acct_0093,parent_0093,plan_002,5930000,5930000,2025-03-01,2025-12-31,expired,new
contract_0294,acct_0094,parent_0094,plan_002,5940000,5940000,2025-03-01,2025-12-31,cancelled,renewal
contract_0295,acct_0095,parent_0095,plan_002,5950000,5950000,2025-03-01,2025-12-31,expired,expansion
contract_0296,acct_0096,parent_0096,plan_002,5960000,5960000,2025-03-01,2025-12-31,expired,downgrade
contract_0297,acct_0097,parent_0097,plan_002,5970000,5970000,2025-03-01,2025-12-31,cancelled,new
contract_0298,acct_0098,parent_0098,plan_002,5980000,5980000,2025-03-01,2025-12-31,expired,renewal
contract_0299,acct_0099,parent_0099,plan_002,5990000,5990000,2025-03-01,2025-12-31,expired,expansion
contract_0300,acct_0100,parent_0100,plan_002,6000000,6000000,2025-03-01,2025-12-31,cancelled,downgrade
contract_0301,acct_0101,parent_0101,plan_002,6010000,6010000,2025-03-01,2025-12-31,expired,new
contract_0302,acct_0102,parent_0102,plan_002,6020000,6020000,2025-03-01,2025-12-31,expired,renewal
contract_0303,acct_0103,parent_0103,plan_002,6030000,6030000,2025-03-01,2025-12-31,cancelled,expansion
contract_0304,acct_0104,parent_0104,plan_002,6040000,6040000,2025-03-01,2025-12-31,expired,downgrade
contract_0305,acct_0105,parent_0105,plan_002,6050000,6050000,2025-03-01,2025-12-31,expired,new
contract_0306,acct_0106,parent_0106,plan_002,6060000,6060000,2025-03-01,2025-12-31,cancelled,renewal
contract_0307,acct_0107,parent_0107,plan_002,6070000,6070000,2025-03-01,2025-12-31,expired,expansion
contract_0308,acct_0108,parent_0108,plan_002,6080000,6080000,2025-03-01,2025-12-31,expired,downgrade
contract_0309,acct_0109,parent_0109,plan_002,6090000,6090000,2025-03-01,2025-12-31,cancelled,new
contract_0310,acct_0110,parent_0110,plan_002,6100000,6100000,2025-03-01,2025-12-31,expired,renewal
contract_0311,acct_0111,parent_0111,plan_002,6110000,6110000,2025-03-01,2025-12-31,expired,expansion
contract_0312,acct_0112,parent_0112,plan_002,6120000,6120000,2025-03-01,2025-12-31,cancelled,downgrade
contract_0313,acct_0113,parent_0113,plan_002,6130000,6130000,2025-03-01,2025-12-31,expired,new
contract_0314,acct_0114,parent_0114,plan_002,6140000,6140000,2025-03-01,2025-12-31,expired,renewal
contract_0315,acct_0115,parent_0115,plan_002,6150000,6150000,2025-03-01,2025-12-31,cancelled,expansion
contract_0316,acct_0116,parent_0116,plan_002,6160000,6160000,2025-03-01,2025-12-31,expired,downgrade
contract_0317,acct_0117,parent_0117,plan_002,6170000,6170000,2025-03-01,2025-12-31,expired,new
contract_0318,acct_0118,parent_0118,plan_002,6180000,6180000,2025-03-01,2025-12-31,cancelled,renewal
contract_0319,acct_0119,parent_0119,plan_002,6190000,6190000,2025-03-01,2025-12-31,expired,expansion
contract_0320,acct_0120,parent_0120,plan_002,6200000,6200000,2025-03-01,2025-12-31,expired,downgrade
